2525-5070260213,01,2525-5070260213_01_仕様書（表紙）.pdf,2025-08-09 12:14:17
2525-5070260213,02,2525-5070260213_02_位置図.pdf,2025-08-09 12:14:22
2525-5070260213,03,2525-5070260213_03_特記仕様書.pdf,2025-08-09 12:14:28
2525-5070260213,04,2525-5070260213_04_工事（業務）数量総括表.pdf,2025-08-09 12:14:31
2525-5070260213,05,2525-5070260213_05_金抜き設計書.pdf,2025-08-09 12:14:35
2525-5070260213,06,2525-5070260213_06_数量計算書（土積等）１.pdf,2025-08-09 12:14:41
2525-5070260213,10,2525-5070260213_10_図面 １.pdf,2025-08-09 12:14:49
2525-5070260198,01,2525-5070260198_01_仕様書（表紙）.pdf,2025-08-09 12:14:57
2525-5070260198,02,2525-5070260198_02_位置図.pdf,2025-08-09 12:15:01
2525-5070260198,03,2525-5070260198_03_特記仕様書.pdf,2025-08-09 12:15:07
2525-5070260198,04,2525-5070260198_04_工事（業務）数量総括表.pdf,2025-08-09 12:15:11
2525-5070260198,05,2525-5070260198_05_金抜き設計書.pdf,2025-08-09 12:15:14
2525-5070260198,06,2525-5070260198_06_数量計算書（土積等）１.pdf,2025-08-09 12:15:18
2525-5070260198,10,2525-5070260198_10_図面 １.pdf,2025-08-09 12:15:26
2525-5070260130,01,2525-5070260130_01_仕様書（表紙）.pdf,2025-08-09 12:15:35
2525-5070260130,02,2525-5070260130_02_位置図.pdf,2025-08-09 12:15:40
2525-5070260130,03,2525-5070260130_03_特記仕様書.pdf,2025-08-09 12:15:44
2525-5070260130,04,2525-5070260130_04_工事（業務）数量総括表.pdf,2025-08-09 12:15:48
2525-5070260130,05,2525-5070260130_05_金抜き設計書.pdf,2025-08-09 12:15:53
2525-5070260130,06,2525-5070260130_06_数量計算書（土積等）１.pdf,2025-08-09 12:15:59
2525-5070260130,10,2525-5070260130_10_図面 １.pdf,2025-08-09 12:16:12
