2525-5070260213,01,2525-5070260213_01_仕様書（表紙）_1754721816.pdf,2025-08-09 15:43:36
2525-5070260213,02,2525-5070260213_02_位置図_1754721821.pdf,2025-08-09 15:43:41
2525-5070260213,03,2525-5070260213_03_特記仕様書_1754721828.pdf,2025-08-09 15:43:48
2525-5070260213,04,2525-5070260213_04_工事（業務）数量総括表_1754721832.pdf,2025-08-09 15:43:52
2525-5070260213,05,2525-5070260213_05_金抜き設計書_1754721836.pdf,2025-08-09 15:43:56
2525-5070260213,06,2525-5070260213_06_数量計算書（土積等）１_1754721841.pdf,2025-08-09 15:44:01
2525-5070260213,10,2525-5070260213_10_図面 １_1754721849.pdf,2025-08-09 15:44:09
2525-5070260198,01,2525-5070260198_01_仕様書（表紙）_1754721858.pdf,2025-08-09 15:44:18
2525-5070260198,02,2525-5070260198_02_位置図_1754721863.pdf,2025-08-09 15:44:23
2525-5070260198,03,2525-5070260198_03_特記仕様書_1754721870.pdf,2025-08-09 15:44:30
2525-5070260198,04,2525-5070260198_04_工事（業務）数量総括表_1754721873.pdf,2025-08-09 15:44:33
2525-5070260198,05,2525-5070260198_05_金抜き設計書_1754721877.pdf,2025-08-09 15:44:37
2525-5070260198,06,2525-5070260198_06_数量計算書（土積等）１_1754721881.pdf,2025-08-09 15:44:41
2525-5070260198,10,2525-5070260198_10_図面 １_1754721889.pdf,2025-08-09 15:44:49
2525-5070260130,01,2525-5070260130_01_仕様書（表紙）_1754721898.pdf,2025-08-09 15:44:58
2525-5070260130,02,2525-5070260130_02_位置図_1754721902.pdf,2025-08-09 15:45:02
2525-5070260130,03,2525-5070260130_03_特記仕様書_1754721907.pdf,2025-08-09 15:45:07
2525-5070260130,04,2525-5070260130_04_工事（業務）数量総括表_1754721911.pdf,2025-08-09 15:45:11
2525-5070260130,05,2525-5070260130_05_金抜き設計書_1754721915.pdf,2025-08-09 15:45:15
2525-5070260130,06,2525-5070260130_06_数量計算書（土積等）１_1754721922.pdf,2025-08-09 15:45:22
2525-5070260130,10,2525-5070260130_10_図面 １_1754721936.pdf,2025-08-09 15:45:36
2525-5070260213,01,2525-5070260213_01_仕様書（表紙）_1754722221.pdf,2025-08-09 15:50:21
2525-5070260213,02,2525-5070260213_02_位置図_1754722226.pdf,2025-08-09 15:50:26
2525-5070260213,03,2525-5070260213_03_特記仕様書_1754722232.pdf,2025-08-09 15:50:32
2525-5070260213,04,2525-5070260213_04_工事（業務）数量総括表_1754722236.pdf,2025-08-09 15:50:36
2525-5070260213,05,2525-5070260213_05_金抜き設計書_1754722240.pdf,2025-08-09 15:50:40
2525-5070260213,06,2525-5070260213_06_数量計算書（土積等）１_1754722246.pdf,2025-08-09 15:50:46
2525-5070260213,10,2525-5070260213_10_図面 １_1754722254.pdf,2025-08-09 15:50:54
2525-5070260198,01,2525-5070260198_01_仕様書（表紙）_1754722263.pdf,2025-08-09 15:51:03
2525-5070260198,02,2525-5070260198_02_位置図_1754722267.pdf,2025-08-09 15:51:07
2525-5070260198,03,2525-5070260198_03_特記仕様書_1754722273.pdf,2025-08-09 15:51:13
2525-5070260198,04,2525-5070260198_04_工事（業務）数量総括表_1754722277.pdf,2025-08-09 15:51:17
2525-5070260198,05,2525-5070260198_05_金抜き設計書_1754722280.pdf,2025-08-09 15:51:20
2525-5070260198,06,2525-5070260198_06_数量計算書（土積等）１_1754722284.pdf,2025-08-09 15:51:24
2525-5070260198,10,2525-5070260198_10_図面 １_1754722292.pdf,2025-08-09 15:51:32
2525-5070260130,01,2525-5070260130_01_仕様書（表紙）_1754722301.pdf,2025-08-09 15:51:41
2525-5070260130,02,2525-5070260130_02_位置図_1754722305.pdf,2025-08-09 15:51:45
2525-5070260130,03,2525-5070260130_03_特記仕様書_1754722310.pdf,2025-08-09 15:51:50
2525-5070260130,04,2525-5070260130_04_工事（業務）数量総括表_1754722314.pdf,2025-08-09 15:51:54
2525-5070260130,05,2525-5070260130_05_金抜き設計書_1754722318.pdf,2025-08-09 15:51:58
2525-5070260130,06,2525-5070260130_06_数量計算書（土積等）１_1754722324.pdf,2025-08-09 15:52:04
2525-5070260130,10,2525-5070260130_10_図面 １_1754722336.pdf,2025-08-09 15:52:16
2525-5070260191,01,2525-5070260191_01_仕様書（表紙）.pdf,2025-08-09 20:20:42
2525-5070260191,02,2525-5070260191_02_位置図.pdf,2025-08-09 20:20:46
2525-5070260191,03,2525-5070260191_03_特記仕様書.pdf,2025-08-09 20:20:51
2525-5070260191,04,2525-5070260191_04_工事（業務）数量総括表.pdf,2025-08-09 20:20:55
2525-5070260191,05,2525-5070260191_05_金抜き設計書.pdf,2025-08-09 20:20:59
2525-5070260191,06,2525-5070260191_06_数量計算書（土積等）１.pdf,2025-08-09 20:21:03
2525-5070260191,10,2525-5070260191_10_図面 １.pdf,2025-08-09 20:21:07
2525-5070260185,01,2525-5070260185_01_仕様書（表紙）.pdf,2025-08-09 20:21:16
2525-5070260185,02,2525-5070260185_02_位置図.pdf,2025-08-09 20:21:20
2525-5070260185,03,2525-5070260185_03_特記仕様書.pdf,2025-08-09 20:21:24
2525-5070260185,04,2525-5070260185_04_工事（業務）数量総括表.pdf,2025-08-09 20:21:29
2525-5070260185,05,2525-5070260185_05_金抜き設計書.pdf,2025-08-09 20:21:33
2525-5070260185,06,2525-5070260185_06_数量計算書（土積等）１.pdf,2025-08-09 20:21:37
2525-5070260185,10,2525-5070260185_10_図面 １.pdf,2025-08-09 20:21:42
2525-5070260205,01,2525-5070260205_01_仕様書（表紙）.pdf,2025-08-09 20:21:51
2525-5070260205,02,2525-5070260205_02_位置図.pdf,2025-08-09 20:21:57
2525-5070260205,03,2525-5070260205_03_特記仕様書.pdf,2025-08-09 20:22:03
2525-5070260205,04,2525-5070260205_04_工事（業務）数量総括表.pdf,2025-08-09 20:22:07
2525-5070260205,05,2525-5070260205_05_金抜き設計書.pdf,2025-08-09 20:22:12
2525-5070260205,06,2525-5070260205_06_数量計算書（土積等）１.pdf,2025-08-09 20:22:16
2525-5070260205,10,2525-5070260205_10_図面 １.pdf,2025-08-09 20:22:20
2525-5070260200,01,2525-5070260200_01_仕様書（表紙）.pdf,2025-08-09 20:22:29
2525-5070260200,02,2525-5070260200_02_位置図.pdf,2025-08-09 20:22:34
2525-5070260200,03,2525-5070260200_03_特記仕様書.pdf,2025-08-09 20:22:39
2525-5070260200,04,2525-5070260200_04_工事（業務）数量総括表.pdf,2025-08-09 20:22:43
2525-5070260200,05,2525-5070260200_05_金抜き設計書.pdf,2025-08-09 20:22:48
2525-5070260200,06,2525-5070260200_06_数量計算書（土積等）１.pdf,2025-08-09 20:22:52
2525-5070260200,10,2525-5070260200_10_図面 １.pdf,2025-08-09 20:22:55
2525-5070260204,01,2525-5070260204_01_仕様書（表紙）.pdf,2025-08-09 20:23:04
2525-5070260204,02,2525-5070260204_02_位置図.pdf,2025-08-09 20:23:09
2525-5070260204,03,2525-5070260204_03_特記仕様書.pdf,2025-08-09 20:23:14
2525-5070260204,04,2525-5070260204_04_工事（業務）数量総括表.pdf,2025-08-09 20:23:18
2525-5070260204,05,2525-5070260204_05_金抜き設計書.pdf,2025-08-09 20:23:22
2525-5070260204,06,2525-5070260204_06_数量計算書（土積等）１.pdf,2025-08-09 20:23:26
2525-5070260204,10,2525-5070260204_10_図面 １.pdf,2025-08-09 20:23:31
2525-5070260192,01,2525-5070260192_01_仕様書（表紙）.pdf,2025-08-09 20:23:40
2525-5070260192,02,2525-5070260192_02_位置図.pdf,2025-08-09 20:23:44
2525-5070260192,03,2525-5070260192_03_特記仕様書.pdf,2025-08-09 20:23:49
2525-5070260192,04,2525-5070260192_04_工事（業務）数量総括表.pdf,2025-08-09 20:23:53
2525-5070260192,05,2525-5070260192_05_金抜き設計書.pdf,2025-08-09 20:23:57
2525-5070260192,06,2525-5070260192_06_数量計算書（土積等）１.pdf,2025-08-09 20:24:02
2525-5070260192,10,2525-5070260192_10_図面 １.pdf,2025-08-09 20:24:06
2525-5070260191,01,2525-5070260191_01_仕様書（表紙）_1754812927.pdf,2025-08-10 17:02:07
2525-5070260191,02,2525-5070260191_02_位置図_1754812930.pdf,2025-08-10 17:02:10
2525-5070260191,03,2525-5070260191_03_特記仕様書_1754812933.pdf,2025-08-10 17:02:13
2525-5070260191,04,2525-5070260191_04_工事（業務）数量総括表_1754812936.pdf,2025-08-10 17:02:16
2525-5070260191,05,2525-5070260191_05_金抜き設計書_1754812939.pdf,2025-08-10 17:02:19
2525-5070260191,06,2525-5070260191_06_数量計算書（土積等）１_1754812942.pdf,2025-08-10 17:02:22
2525-5070260191,10,2525-5070260191_10_図面 １_1754812945.pdf,2025-08-10 17:02:25
2525-5070260185,01,2525-5070260185_01_仕様書（表紙）_1754812953.pdf,2025-08-10 17:02:33
2525-5070260185,02,2525-5070260185_02_位置図_1754812956.pdf,2025-08-10 17:02:36
2525-5070260185,03,2525-5070260185_03_特記仕様書_1754812960.pdf,2025-08-10 17:02:40
2525-5070260185,04,2525-5070260185_04_工事（業務）数量総括表_1754812963.pdf,2025-08-10 17:02:43
2525-5070260185,05,2525-5070260185_05_金抜き設計書_1754812966.pdf,2025-08-10 17:02:46
2525-5070260185,06,2525-5070260185_06_数量計算書（土積等）１_1754812969.pdf,2025-08-10 17:02:49
2525-5070260185,10,2525-5070260185_10_図面 １_1754812972.pdf,2025-08-10 17:02:52
2525-5070260205,01,2525-5070260205_01_仕様書（表紙）_1754812980.pdf,2025-08-10 17:03:00
2525-5070260205,02,2525-5070260205_02_位置図_1754812983.pdf,2025-08-10 17:03:03
2525-5070260205,03,2525-5070260205_03_特記仕様書_1754812986.pdf,2025-08-10 17:03:06
2525-5070260205,04,2525-5070260205_04_工事（業務）数量総括表_1754812989.pdf,2025-08-10 17:03:09
2525-5070260205,05,2525-5070260205_05_金抜き設計書_1754812992.pdf,2025-08-10 17:03:12
2525-5070260205,06,2525-5070260205_06_数量計算書（土積等）１_1754812995.pdf,2025-08-10 17:03:15
2525-5070260205,10,2525-5070260205_10_図面 １_1754812998.pdf,2025-08-10 17:03:18
2525-5070260200,01,2525-5070260200_01_仕様書（表紙）_1754813006.pdf,2025-08-10 17:03:26
2525-5070260200,02,2525-5070260200_02_位置図_1754813009.pdf,2025-08-10 17:03:29
2525-5070260200,03,2525-5070260200_03_特記仕様書_1754813012.pdf,2025-08-10 17:03:32
2525-5070260200,04,2525-5070260200_04_工事（業務）数量総括表_1754813015.pdf,2025-08-10 17:03:35
2525-5070260200,05,2525-5070260200_05_金抜き設計書_1754813018.pdf,2025-08-10 17:03:38
2525-5070260200,06,2525-5070260200_06_数量計算書（土積等）１_1754813021.pdf,2025-08-10 17:03:41
2525-5070260200,10,2525-5070260200_10_図面 １_1754813024.pdf,2025-08-10 17:03:44
2525-5070260204,01,2525-5070260204_01_仕様書（表紙）_1754813032.pdf,2025-08-10 17:03:52
2525-5070260204,02,2525-5070260204_02_位置図_1754813036.pdf,2025-08-10 17:03:56
2525-5070260204,03,2525-5070260204_03_特記仕様書_1754813039.pdf,2025-08-10 17:03:59
2525-5070260204,04,2525-5070260204_04_工事（業務）数量総括表_1754813042.pdf,2025-08-10 17:04:02
2525-5070260204,05,2525-5070260204_05_金抜き設計書_1754813045.pdf,2025-08-10 17:04:05
2525-5070260204,06,2525-5070260204_06_数量計算書（土積等）１_1754813048.pdf,2025-08-10 17:04:08
2525-5070260204,10,2525-5070260204_10_図面 １_1754813051.pdf,2025-08-10 17:04:11
2525-5070260192,01,2525-5070260192_01_仕様書（表紙）_1754813059.pdf,2025-08-10 17:04:19
2525-5070260192,02,2525-5070260192_02_位置図_1754813062.pdf,2025-08-10 17:04:22
2525-5070260192,03,2525-5070260192_03_特記仕様書_1754813065.pdf,2025-08-10 17:04:25
2525-5070260192,04,2525-5070260192_04_工事（業務）数量総括表_1754813068.pdf,2025-08-10 17:04:28
2525-5070260192,05,2525-5070260192_05_金抜き設計書_1754813071.pdf,2025-08-10 17:04:31
2525-5070260192,06,2525-5070260192_06_数量計算書（土積等）１_1754813074.pdf,2025-08-10 17:04:34
2525-5070260192,10,2525-5070260192_10_図面 １_1754813077.pdf,2025-08-10 17:04:37
2525-5070260191,01,2525-5070260191_01_仕様書（表紙）_1754813377.pdf,2025-08-10 17:09:37
2525-5070260191,02,2525-5070260191_02_位置図_1754813380.pdf,2025-08-10 17:09:40
2525-5070260191,03,2525-5070260191_03_特記仕様書_1754813383.pdf,2025-08-10 17:09:43
2525-5070260191,04,2525-5070260191_04_工事（業務）数量総括表_1754813386.pdf,2025-08-10 17:09:46
2525-5070260191,05,2525-5070260191_05_金抜き設計書_1754813389.pdf,2025-08-10 17:09:49
2525-5070260191,06,2525-5070260191_06_数量計算書（土積等）１_1754813392.pdf,2025-08-10 17:09:52
2525-5070260191,10,2525-5070260191_10_図面 １_1754813395.pdf,2025-08-10 17:09:55
2525-5070260185,01,2525-5070260185_01_仕様書（表紙）_1754813403.pdf,2025-08-10 17:10:03
2525-5070260185,02,2525-5070260185_02_位置図_1754813406.pdf,2025-08-10 17:10:06
2525-5070260185,03,2525-5070260185_03_特記仕様書_1754813409.pdf,2025-08-10 17:10:09
2525-5070260185,04,2525-5070260185_04_工事（業務）数量総括表_1754813412.pdf,2025-08-10 17:10:12
2525-5070260185,05,2525-5070260185_05_金抜き設計書_1754813415.pdf,2025-08-10 17:10:15
2525-5070260185,06,2525-5070260185_06_数量計算書（土積等）１_1754813418.pdf,2025-08-10 17:10:19
2525-5070260185,10,2525-5070260185_10_図面 １_1754813422.pdf,2025-08-10 17:10:22
2525-5070260205,01,2525-5070260205_01_仕様書（表紙）_1754813430.pdf,2025-08-10 17:10:30
2525-5070260205,02,2525-5070260205_02_位置図_1754813433.pdf,2025-08-10 17:10:33
2525-5070260205,03,2525-5070260205_03_特記仕様書_1754813436.pdf,2025-08-10 17:10:36
2525-5070260205,04,2525-5070260205_04_工事（業務）数量総括表_1754813439.pdf,2025-08-10 17:10:39
2525-5070260205,05,2525-5070260205_05_金抜き設計書_1754813442.pdf,2025-08-10 17:10:42
2525-5070260205,06,2525-5070260205_06_数量計算書（土積等）１_1754813445.pdf,2025-08-10 17:10:45
2525-5070260205,10,2525-5070260205_10_図面 １_1754813448.pdf,2025-08-10 17:10:48
2525-5070260200,01,2525-5070260200_01_仕様書（表紙）_1754813456.pdf,2025-08-10 17:10:56
2525-5070260200,02,2525-5070260200_02_位置図_1754813459.pdf,2025-08-10 17:10:59
2525-5070260200,03,2525-5070260200_03_特記仕様書_1754813462.pdf,2025-08-10 17:11:02
2525-5070260200,04,2525-5070260200_04_工事（業務）数量総括表_1754813465.pdf,2025-08-10 17:11:05
2525-5070260200,05,2525-5070260200_05_金抜き設計書_1754813468.pdf,2025-08-10 17:11:08
2525-5070260200,06,2525-5070260200_06_数量計算書（土積等）１_1754813471.pdf,2025-08-10 17:11:11
2525-5070260200,10,2525-5070260200_10_図面 １_1754813474.pdf,2025-08-10 17:11:14
2525-5070260204,01,2525-5070260204_01_仕様書（表紙）_1754813482.pdf,2025-08-10 17:11:22
2525-5070260204,02,2525-5070260204_02_位置図_1754813485.pdf,2025-08-10 17:11:25
2525-5070260204,03,2525-5070260204_03_特記仕様書_1754813489.pdf,2025-08-10 17:11:29
2525-5070260204,04,2525-5070260204_04_工事（業務）数量総括表_1754813492.pdf,2025-08-10 17:11:32
2525-5070260204,05,2525-5070260204_05_金抜き設計書_1754813495.pdf,2025-08-10 17:11:35
2525-5070260204,06,2525-5070260204_06_数量計算書（土積等）１_1754813498.pdf,2025-08-10 17:11:38
2525-5070260204,10,2525-5070260204_10_図面 １_1754813501.pdf,2025-08-10 17:11:41
2525-5070260192,01,2525-5070260192_01_仕様書（表紙）_1754813509.pdf,2025-08-10 17:11:49
2525-5070260192,02,2525-5070260192_02_位置図_1754813512.pdf,2025-08-10 17:11:52
2525-5070260192,03,2525-5070260192_03_特記仕様書_1754813515.pdf,2025-08-10 17:11:55
2525-5070260192,04,2525-5070260192_04_工事（業務）数量総括表_1754813518.pdf,2025-08-10 17:11:58
2525-5070260192,05,2525-5070260192_05_金抜き設計書_1754813521.pdf,2025-08-10 17:12:01
2525-5070260192,06,2525-5070260192_06_数量計算書（土積等）１_1754813524.pdf,2025-08-10 17:12:04
2525-5070260192,10,2525-5070260192_10_図面 １_1754813527.pdf,2025-08-10 17:12:07
2525-5070260191,01,2525-5070260191_01_仕様書（表紙）_1754813567.pdf,2025-08-10 17:12:47
2525-5070260191,02,2525-5070260191_02_位置図_1754813570.pdf,2025-08-10 17:12:50
2525-5070260191,03,2525-5070260191_03_特記仕様書_1754813573.pdf,2025-08-10 17:12:53
2525-5070260191,04,2525-5070260191_04_工事（業務）数量総括表_1754813576.pdf,2025-08-10 17:12:56
2525-5070260191,05,2525-5070260191_05_金抜き設計書_1754813579.pdf,2025-08-10 17:12:59
2525-5070260191,06,2525-5070260191_06_数量計算書（土積等）１_1754813582.pdf,2025-08-10 17:13:02
2525-5070260191,10,2525-5070260191_10_図面 １_1754813585.pdf,2025-08-10 17:13:05
2525-5070260185,01,2525-5070260185_01_仕様書（表紙）_1754813594.pdf,2025-08-10 17:13:14
2525-5070260185,02,2525-5070260185_02_位置図_1754813597.pdf,2025-08-10 17:13:17
2525-5070260185,03,2525-5070260185_03_特記仕様書_1754813600.pdf,2025-08-10 17:13:20
2525-5070260185,04,2525-5070260185_04_工事（業務）数量総括表_1754813603.pdf,2025-08-10 17:13:23
2525-5070260185,05,2525-5070260185_05_金抜き設計書_1754813606.pdf,2025-08-10 17:13:26
2525-5070260185,06,2525-5070260185_06_数量計算書（土積等）１_1754813609.pdf,2025-08-10 17:13:29
2525-5070260185,10,2525-5070260185_10_図面 １_1754813612.pdf,2025-08-10 17:13:32
2525-5070260205,01,2525-5070260205_01_仕様書（表紙）_1754813620.pdf,2025-08-10 17:13:40
2525-5070260205,02,2525-5070260205_02_位置図_1754813623.pdf,2025-08-10 17:13:43
2525-5070260205,03,2525-5070260205_03_特記仕様書_1754813626.pdf,2025-08-10 17:13:46
2525-5070260205,04,2525-5070260205_04_工事（業務）数量総括表_1754813629.pdf,2025-08-10 17:13:49
2525-5070260205,05,2525-5070260205_05_金抜き設計書_1754813632.pdf,2025-08-10 17:13:52
2525-5070260205,06,2525-5070260205_06_数量計算書（土積等）１_1754813635.pdf,2025-08-10 17:13:55
2525-5070260205,10,2525-5070260205_10_図面 １_1754813638.pdf,2025-08-10 17:13:58
2525-5070260200,01,2525-5070260200_01_仕様書（表紙）_1754813646.pdf,2025-08-10 17:14:06
2525-5070260200,02,2525-5070260200_02_位置図_1754813649.pdf,2025-08-10 17:14:09
2525-5070260200,03,2525-5070260200_03_特記仕様書_1754813652.pdf,2025-08-10 17:14:12
2525-5070260200,04,2525-5070260200_04_工事（業務）数量総括表_1754813655.pdf,2025-08-10 17:14:15
2525-5070260200,05,2525-5070260200_05_金抜き設計書_1754813658.pdf,2025-08-10 17:14:18
2525-5070260200,06,2525-5070260200_06_数量計算書（土積等）１_1754813661.pdf,2025-08-10 17:14:21
2525-5070260200,10,2525-5070260200_10_図面 １_1754813664.pdf,2025-08-10 17:14:24
2525-5070260204,01,2525-5070260204_01_仕様書（表紙）_1754813673.pdf,2025-08-10 17:14:33
2525-5070260204,02,2525-5070260204_02_位置図_1754813676.pdf,2025-08-10 17:14:36
2525-5070260204,03,2525-5070260204_03_特記仕様書_1754813679.pdf,2025-08-10 17:14:39
2525-5070260204,04,2525-5070260204_04_工事（業務）数量総括表_1754813682.pdf,2025-08-10 17:14:42
2525-5070260204,05,2525-5070260204_05_金抜き設計書_1754813685.pdf,2025-08-10 17:14:45
2525-5070260204,06,2525-5070260204_06_数量計算書（土積等）１_1754813688.pdf,2025-08-10 17:14:48
2525-5070260204,10,2525-5070260204_10_図面 １_1754813691.pdf,2025-08-10 17:14:51
2525-5070260192,01,2525-5070260192_01_仕様書（表紙）_1754813699.pdf,2025-08-10 17:14:59
2525-5070260192,02,2525-5070260192_02_位置図_1754813702.pdf,2025-08-10 17:15:02
2525-5070260192,03,2525-5070260192_03_特記仕様書_1754813705.pdf,2025-08-10 17:15:05
2525-5070260192,04,2525-5070260192_04_工事（業務）数量総括表_1754813708.pdf,2025-08-10 17:15:08
2525-5070260192,05,2525-5070260192_05_金抜き設計書_1754813711.pdf,2025-08-10 17:15:11
2525-5070260192,06,2525-5070260192_06_数量計算書（土積等）１_1754813714.pdf,2025-08-10 17:15:14
2525-5070260192,10,2525-5070260192_10_図面 １_1754813717.pdf,2025-08-10 17:15:17
2525-5070260191,01,2525-5070260191_01_仕様書（表紙）_1754814614.pdf,2025-08-10 17:30:14
2525-5070260191,03,2525-5070260191_03_位置図.pdf,2025-08-10 17:30:20
2525-5070260191,04,2525-5070260191_04_工事（業務）数量総括表_1754814623.pdf,2025-08-10 17:30:23
2525-5070260191,06,2525-5070260191_06_特記仕様書.pdf,2025-08-10 17:30:29
2525-5070260191,06,2525-5070260191_06_金抜き設計書.pdf,2025-08-10 17:30:29
2525-5070260191,10,2525-5070260191_10_数量計算書（土積等）１.pdf,2025-08-10 17:30:32
2525-5070260185,01,2525-5070260185_01_仕様書（表紙）_1754814640.pdf,2025-08-10 17:30:40
2525-5070260185,02,2525-5070260185_02_位置図_1754814644.pdf,2025-08-10 17:30:44
2525-5070260185,03,2525-5070260185_03_特記仕様書_1754814647.pdf,2025-08-10 17:30:47
2525-5070260185,04,2525-5070260185_04_工事（業務）数量総括表_1754814650.pdf,2025-08-10 17:30:50
2525-5070260185,05,2525-5070260185_05_金抜き設計書_1754814653.pdf,2025-08-10 17:30:53
2525-5070260185,06,2525-5070260185_06_数量計算書（土積等）１_1754814656.pdf,2025-08-10 17:30:56
2525-5070260205,01,2525-5070260205_01_仕様書（表紙）_1754814667.pdf,2025-08-10 17:31:07
2525-5070260205,02,2525-5070260205_02_位置図_1754814670.pdf,2025-08-10 17:31:10
2525-5070260205,03,2525-5070260205_03_特記仕様書_1754814673.pdf,2025-08-10 17:31:13
2525-5070260205,04,2525-5070260205_04_工事（業務）数量総括表_1754814676.pdf,2025-08-10 17:31:16
2525-5070260205,05,2525-5070260205_05_金抜き設計書_1754814679.pdf,2025-08-10 17:31:19
2525-5070260205,06,2525-5070260205_06_数量計算書（土積等）１_1754814682.pdf,2025-08-10 17:31:22
2525-5070260205,10,2525-5070260205_10_図面 １_1754814685.pdf,2025-08-10 17:31:25
2525-5070260200,01,2525-5070260200_01_仕様書（表紙）_1754814693.pdf,2025-08-10 17:31:33
2525-5070260200,02,2525-5070260200_02_位置図_1754814696.pdf,2025-08-10 17:31:36
2525-5070260200,03,2525-5070260200_03_特記仕様書_1754814699.pdf,2025-08-10 17:31:39
2525-5070260200,04,2525-5070260200_04_工事（業務）数量総括表_1754814702.pdf,2025-08-10 17:31:42
2525-5070260200,05,2525-5070260200_05_金抜き設計書_1754814705.pdf,2025-08-10 17:31:45
2525-5070260200,06,2525-5070260200_06_数量計算書（土積等）１_1754814708.pdf,2025-08-10 17:31:48
2525-5070260200,10,2525-5070260200_10_図面 １_1754814711.pdf,2025-08-10 17:31:51
2525-5070260204,01,2525-5070260204_01_仕様書（表紙）_1754814720.pdf,2025-08-10 17:32:00
2525-5070260204,02,2525-5070260204_02_位置図_1754814723.pdf,2025-08-10 17:32:03
2525-5070260204,03,2525-5070260204_03_特記仕様書_1754814726.pdf,2025-08-10 17:32:06
2525-5070260204,04,2525-5070260204_04_工事（業務）数量総括表_1754814729.pdf,2025-08-10 17:32:09
2525-5070260204,05,2525-5070260204_05_金抜き設計書_1754814732.pdf,2025-08-10 17:32:12
2525-5070260204,06,2525-5070260204_06_数量計算書（土積等）１_1754814735.pdf,2025-08-10 17:32:15
2525-5070260204,10,2525-5070260204_10_図面 １_1754814738.pdf,2025-08-10 17:32:18
2525-5070260192,01,2525-5070260192_01_仕様書（表紙）_1754814746.pdf,2025-08-10 17:32:26
2525-5070260192,02,2525-5070260192_02_位置図_1754814749.pdf,2025-08-10 17:32:29
2525-5070260192,03,2525-5070260192_03_特記仕様書_1754814752.pdf,2025-08-10 17:32:32
2525-5070260192,04,2525-5070260192_04_工事（業務）数量総括表_1754814755.pdf,2025-08-10 17:32:35
2525-5070260192,05,2525-5070260192_05_金抜き設計書_1754814758.pdf,2025-08-10 17:32:38
2525-5070260192,06,2525-5070260192_06_数量計算書（土積等）１_1754814761.pdf,2025-08-10 17:32:41
2525-5070260192,10,2525-5070260192_10_図面 １_1754814764.pdf,2025-08-10 17:32:44
2525-5070260192,01,2525-5070260192_01_仕様書（表紙）_1754814940.pdf,2025-08-10 17:35:40
2525-5070260192,02,2525-5070260192_02_位置図_1754814943.pdf,2025-08-10 17:35:43
2525-5070260192,03,2525-5070260192_03_特記仕様書_1754814946.pdf,2025-08-10 17:35:46
2525-5070260192,04,2525-5070260192_04_工事（業務）数量総括表_1754814949.pdf,2025-08-10 17:35:49
2525-5070260192,05,2525-5070260192_05_金抜き設計書_1754814952.pdf,2025-08-10 17:35:52
2525-5070260192,06,2525-5070260192_06_数量計算書（土積等）１_1754814955.pdf,2025-08-10 17:35:55
2525-5070260192,10,2525-5070260192_10_図面 １_1754814958.pdf,2025-08-10 17:35:58
2525-5070260192,01,2525-5070260192_01_仕様書（表紙）_1754815028.pdf,2025-08-10 17:37:08
2525-5070260192,02,2525-5070260192_02_位置図_1754815031.pdf,2025-08-10 17:37:11
2525-5070260192,03,2525-5070260192_03_特記仕様書_1754815034.pdf,2025-08-10 17:37:14
2525-5070260192,04,2525-5070260192_04_工事（業務）数量総括表_1754815037.pdf,2025-08-10 17:37:17
2525-5070260192,05,2525-5070260192_05_金抜き設計書_1754815040.pdf,2025-08-10 17:37:20
2525-5070260192,06,2525-5070260192_06_数量計算書（土積等）１_1754815043.pdf,2025-08-10 17:37:23
2525-5070260192,10,2525-5070260192_10_図面 １_1754815046.pdf,2025-08-10 17:37:26
2525-5070260192,01,2525-5070260192_01_仕様書（表紙）_1754815345.pdf,2025-08-10 17:42:25
2525-5070260192,02,2525-5070260192_02_位置図_1754815348.pdf,2025-08-10 17:42:28
2525-5070260192,03,2525-5070260192_03_特記仕様書_1754815351.pdf,2025-08-10 17:42:31
2525-5070260192,04,2525-5070260192_04_工事（業務）数量総括表_1754815354.pdf,2025-08-10 17:42:34
2525-5070260192,05,2525-5070260192_05_金抜き設計書_1754815357.pdf,2025-08-10 17:42:37
2525-5070260192,06,2525-5070260192_06_数量計算書（土積等）１_1754815360.pdf,2025-08-10 17:42:40
2525-5070260192,10,2525-5070260192_10_図面 １_1754815363.pdf,2025-08-10 17:42:43
2525-5070260192,01,2525-5070260192_01_仕様書（表紙）_1754816188.pdf,2025-08-10 17:56:28
2525-5070260192,02,2525-5070260192_02_位置図_1754816191.pdf,2025-08-10 17:56:31
2525-5070260192,03,2525-5070260192_03_特記仕様書_1754816194.pdf,2025-08-10 17:56:34
2525-5070260192,04,2525-5070260192_04_工事（業務）数量総括表_1754816197.pdf,2025-08-10 17:56:37
2525-5070260192,05,2525-5070260192_05_金抜き設計書_1754816200.pdf,2025-08-10 17:56:40
2525-5070260192,06,2525-5070260192_06_数量計算書（土積等）１_1754816203.pdf,2025-08-10 17:56:43
2525-5070260192,10,2525-5070260192_10_図面 １_1754816206.pdf,2025-08-10 17:56:46
2525-5070260192,01,2525-5070260192_01_仕様書（表紙）_1754816286.pdf,2025-08-10 17:58:06
2525-5070260192,02,2525-5070260192_02_位置図_1754816289.pdf,2025-08-10 17:58:09
2525-5070260192,03,2525-5070260192_03_特記仕様書_1754816292.pdf,2025-08-10 17:58:12
2525-5070260192,04,2525-5070260192_04_工事（業務）数量総括表_1754816295.pdf,2025-08-10 17:58:15
2525-5070260192,05,2525-5070260192_05_金抜き設計書_1754816298.pdf,2025-08-10 17:58:18
2525-5070260192,06,2525-5070260192_06_数量計算書（土積等）１_1754816301.pdf,2025-08-10 17:58:21
2525-5070260192,10,2525-5070260192_10_図面 １_1754816304.pdf,2025-08-10 17:58:24
2525-5070260192,01,2525-5070260192_01_仕様書（表紙）_1754816686.pdf,2025-08-10 18:04:46
2525-5070260192,02,2525-5070260192_02_位置図_1754816690.pdf,2025-08-10 18:04:50
2525-5070260192,03,2525-5070260192_03_特記仕様書_1754816693.pdf,2025-08-10 18:04:53
2525-5070260192,04,2525-5070260192_04_工事（業務）数量総括表_1754816696.pdf,2025-08-10 18:04:56
2525-5070260192,05,2525-5070260192_05_金抜き設計書_1754816699.pdf,2025-08-10 18:04:59
2525-5070260192,06,2525-5070260192_06_数量計算書（土積等）１_1754816702.pdf,2025-08-10 18:05:02
2525-5070260192,10,2525-5070260192_10_図面 １_1754816705.pdf,2025-08-10 18:05:05
2525-5070260187,01,2525-5070260187_01_仕様書（表紙）.pdf,2025-08-10 18:05:15
2525-5070260187,02,2525-5070260187_02_位置図.pdf,2025-08-10 18:05:18
2525-5070260187,03,2525-5070260187_03_特記仕様書.pdf,2025-08-10 18:05:21
2525-5070260187,04,2525-5070260187_04_工事（業務）数量総括表.pdf,2025-08-10 18:05:24
2525-5070260187,05,2525-5070260187_05_金抜き設計書.pdf,2025-08-10 18:05:27
2525-5070260187,06,2525-5070260187_06_数量計算書（土積等）１.pdf,2025-08-10 18:05:30
2525-5070260176,01,2525-5070260176_01_仕様書（表紙）.pdf,2025-08-10 18:05:41
2525-5070260176,02,2525-5070260176_02_位置図.pdf,2025-08-10 18:05:44
2525-5070260176,03,2525-5070260176_03_特記仕様書.pdf,2025-08-10 18:05:47
2525-5070260176,04,2525-5070260176_04_工事（業務）数量総括表.pdf,2025-08-10 18:05:50
2525-5070260176,05,2525-5070260176_05_金抜き設計書.pdf,2025-08-10 18:05:53
2525-5070260176,06,2525-5070260176_06_数量計算書（土積等）１.pdf,2025-08-10 18:05:56
2525-5070260167,01,2525-5070260167_01_仕様書（表紙）.pdf,2025-08-10 18:06:08
2525-5070260167,01,2525-5070260167_01_図面 １.pdf,2025-08-10 18:06:08
2525-5070260167,02,2525-5070260167_02_位置図.pdf,2025-08-10 18:06:11
2525-5070260167,03,2525-5070260167_03_特記仕様書.pdf,2025-08-10 18:06:14
2525-5070260167,04,2525-5070260167_04_工事（業務）数量総括表.pdf,2025-08-10 18:06:17
2525-5070260167,05,2525-5070260167_05_金抜き設計書.pdf,2025-08-10 18:06:20
2525-5070260167,06,2525-5070260167_06_数量計算書（土積等）１.pdf,2025-08-10 18:06:23
2525-5070260167,10,2525-5070260167_10_図面 １.pdf,2025-08-10 18:06:26
2525-5070260191,01,2525-5070260191_01_仕様書（表紙）_1755011500.pdf,2025-08-13 00:11:40
2525-5070260191,02,2525-5070260191_02_位置図_1755011503.pdf,2025-08-13 00:11:43
2525-5070260191,03,2525-5070260191_03_特記仕様書_1755011506.pdf,2025-08-13 00:11:46
2525-5070260191,04,2525-5070260191_04_工事（業務）数量総括表_1755011509.pdf,2025-08-13 00:11:49
2525-5070260191,05,2525-5070260191_05_金抜き設計書_1755011512.pdf,2025-08-13 00:11:52
2525-5070260191,06,2525-5070260191_06_数量計算書（土積等）１_1755011515.pdf,2025-08-13 00:11:55
2525-5070260191,10,2525-5070260191_10_図面 １_1755011518.pdf,2025-08-13 00:11:58
2525-5070260185,01,2525-5070260185_01_仕様書（表紙）_1755011527.pdf,2025-08-13 00:12:07
2525-5070260185,02,2525-5070260185_02_位置図_1755011530.pdf,2025-08-13 00:12:10
2525-5070260185,03,2525-5070260185_03_特記仕様書_1755011533.pdf,2025-08-13 00:12:13
2525-5070260185,04,2525-5070260185_04_工事（業務）数量総括表_1755011536.pdf,2025-08-13 00:12:16
2525-5070260185,05,2525-5070260185_05_金抜き設計書_1755011539.pdf,2025-08-13 00:12:19
2525-5070260185,06,2525-5070260185_06_数量計算書（土積等）１_1755011542.pdf,2025-08-13 00:12:22
2525-5070260185,10,2525-5070260185_10_図面 １_1755011545.pdf,2025-08-13 00:12:25
2525-5070260205,01,2525-5070260205_01_仕様書（表紙）_1755011553.pdf,2025-08-13 00:12:33
2525-5070260205,02,2525-5070260205_02_位置図_1755011556.pdf,2025-08-13 00:12:36
2525-5070260205,03,2525-5070260205_03_特記仕様書_1755011559.pdf,2025-08-13 00:12:39
2525-5070260205,04,2525-5070260205_04_工事（業務）数量総括表_1755011562.pdf,2025-08-13 00:12:42
2525-5070260205,05,2525-5070260205_05_金抜き設計書_1755011565.pdf,2025-08-13 00:12:45
2525-5070260205,06,2525-5070260205_06_数量計算書（土積等）１_1755011568.pdf,2025-08-13 00:12:48
2525-5070260205,10,2525-5070260205_10_図面 １_1755011571.pdf,2025-08-13 00:12:51
2525-5070260200,01,2525-5070260200_01_仕様書（表紙）_1755011579.pdf,2025-08-13 00:12:59
2525-5070260200,02,2525-5070260200_02_位置図_1755011582.pdf,2025-08-13 00:13:02
2525-5070260200,03,2525-5070260200_03_特記仕様書_1755011585.pdf,2025-08-13 00:13:05
2525-5070260200,04,2525-5070260200_04_工事（業務）数量総括表_1755011588.pdf,2025-08-13 00:13:08
2525-5070260200,05,2525-5070260200_05_金抜き設計書_1755011591.pdf,2025-08-13 00:13:11
2525-5070260200,06,2525-5070260200_06_数量計算書（土積等）１_1755011594.pdf,2025-08-13 00:13:14
2525-5070260200,10,2525-5070260200_10_図面 １_1755011597.pdf,2025-08-13 00:13:17
2525-5070260204,01,2525-5070260204_01_仕様書（表紙）_1755011606.pdf,2025-08-13 00:13:26
2525-5070260204,02,2525-5070260204_02_位置図_1755011609.pdf,2025-08-13 00:13:29
2525-5070260204,03,2525-5070260204_03_特記仕様書_1755011612.pdf,2025-08-13 00:13:32
2525-5070260204,04,2525-5070260204_04_工事（業務）数量総括表_1755011615.pdf,2025-08-13 00:13:35
2525-5070260204,05,2525-5070260204_05_金抜き設計書_1755011618.pdf,2025-08-13 00:13:38
2525-5070260204,06,2525-5070260204_06_数量計算書（土積等）１_1755011621.pdf,2025-08-13 00:13:41
2525-5070260204,10,2525-5070260204_10_図面 １_1755011624.pdf,2025-08-13 00:13:44
2525-5070260192,01,2525-5070260192_01_仕様書（表紙）_1755011632.pdf,2025-08-13 00:13:52
2525-5070260192,02,2525-5070260192_02_位置図_1755011635.pdf,2025-08-13 00:13:55
2525-5070260192,03,2525-5070260192_03_特記仕様書_1755011638.pdf,2025-08-13 00:13:58
2525-5070260192,04,2525-5070260192_04_工事（業務）数量総括表_1755011641.pdf,2025-08-13 00:14:01
2525-5070260192,05,2525-5070260192_05_金抜き設計書_1755011644.pdf,2025-08-13 00:14:04
2525-5070260192,06,2525-5070260192_06_数量計算書（土積等）１_1755011647.pdf,2025-08-13 00:14:07
2525-5070260192,10,2525-5070260192_10_図面 １_1755011650.pdf,2025-08-13 00:14:10
2525-5070260187,01,2525-5070260187_01_仕様書（表紙）_1755011661.pdf,2025-08-13 00:14:21
2525-5070260187,02,2525-5070260187_02_位置図_1755011664.pdf,2025-08-13 00:14:24
2525-5070260187,03,2525-5070260187_03_特記仕様書_1755011667.pdf,2025-08-13 00:14:27
2525-5070260187,04,2525-5070260187_04_工事（業務）数量総括表_1755011670.pdf,2025-08-13 00:14:30
2525-5070260187,05,2525-5070260187_05_金抜き設計書_1755011673.pdf,2025-08-13 00:14:33
2525-5070260187,06,2525-5070260187_06_数量計算書（土積等）１_1755011676.pdf,2025-08-13 00:14:36
2525-5070260176,01,2525-5070260176_01_仕様書（表紙）_1755011687.pdf,2025-08-13 00:14:47
2525-5070260176,02,2525-5070260176_02_位置図_1755011690.pdf,2025-08-13 00:14:50
2525-5070260176,03,2525-5070260176_03_特記仕様書_1755011693.pdf,2025-08-13 00:14:53
2525-5070260176,04,2525-5070260176_04_工事（業務）数量総括表_1755011696.pdf,2025-08-13 00:14:56
2525-5070260176,05,2525-5070260176_05_金抜き設計書_1755011699.pdf,2025-08-13 00:14:59
2525-5070260176,10,2525-5070260176_10_数量計算書（土積等）１.pdf,2025-08-13 00:15:05
2525-5070260167,01,2525-5070260167_01_仕様書（表紙）_1755011713.pdf,2025-08-13 00:15:13
2525-5070260167,01,2525-5070260167_01_図面 １_1755011713.pdf,2025-08-13 00:15:13
2525-5070260167,02,2525-5070260167_02_位置図_1755011716.pdf,2025-08-13 00:15:16
2525-5070260167,03,2525-5070260167_03_特記仕様書_1755011719.pdf,2025-08-13 00:15:19
2525-5070260167,04,2525-5070260167_04_工事（業務）数量総括表_1755011722.pdf,2025-08-13 00:15:22
2525-5070260167,05,2525-5070260167_05_金抜き設計書_1755011725.pdf,2025-08-13 00:15:25
2525-5070260167,06,2525-5070260167_06_数量計算書（土積等）１_1755011728.pdf,2025-08-13 00:15:28
2525-5070260167,10,2525-5070260167_10_図面 １_1755011731.pdf,2025-08-13 00:15:31
